title,year,genre,ratings,ages,description,author,illustrator,img,url
Don't Let the Pigeon Drive the Bus!,2004,Fiction,8,2+,"On the title page, the bus driver addresses the reader directly. He says that he has to be gone for a while and asks if the reader can watch things, but not to let the pigeon drive the bus. As the driver walks off one page, the pigeon walks on the next asking if he can drive the bus. He begs, makes deals, pretends, complains, cajoles, bribes, and then insists that he be allowed to drive the bus, but his wish is not granted; so he fumes. The bus driver returns, thanks the reader, and drives off. The pigeon then spies a truck and a new fantasy takes hold of his imagination.",Mo Willems,Mo Willems,https://d2e111jq13me73.cloudfront.net/sites/default/files/styles/product_image_aspect_switcher_170w/public/product-images/csm-book/1971-orig.jpg?itok=rweyWJ73,
"Goodnight, Goodnight, Construction Site",2011,Fiction,10,2+,"The day is drawing to a close at a busy construction site. One by one, five trucks finish up their day's work -- or rather, play -- and wind down for bed. They take a bath, close their doors, shut down their engines, and settle in for hard-earned rest so they'll be ready to rev back up the next day.",Sherri Duskey Rinker,Tom Lichtenheld,https://d2e111jq13me73.cloudfront.net/sites/default/files/styles/product_image_aspect_switcher_170w/public/product-images/csm-book/goodnight-goodnight-construction-site.jpg?itok=SWD2sPYV,
Goodnight Moon,1947,Fiction,10,2+,"As a fire crackles in the fireplace and the moon rises in a wintry night sky outside the windows of his bedroom, a young rabbit settles down for the night. An old lady rabbit rocks quietly in a nearby chair knitting, mittens dry in front of the fire, two kittens tumble on the carpet, and a mouse peeks out. The room grows gradually dimmer as the rabbit says goodnight to each object in his room and outside the window, then falls asleep at last.",Margaret Wise Brown,Clement Hurd,https://d2e111jq13me73.cloudfront.net/sites/default/files/styles/product_image_aspect_switcher_170w/public/product-images/csm-book/goodnight-moon.jpg?itok=wzJ6ltnE,
The Snowy Day,1962,Fiction,10,2+,"A young boy wakes to a world of freshly fallen snow and goes exploring throughout the cityscape in this gentle, glistening classic. With bold text and whimsical collages, Ezra Jack Keats captures the delight kids feel in the simplest pleasures.",Ezra Jack Keats,Ezra Jack Keats,https://d2e111jq13me73.cloudfront.net/sites/default/files/styles/product_image_aspect_switcher_170w/public/product-images/csm-book/1341-orig.jpg?itok=fxJYfFjW,
The Very Hungry Caterpillar,1970,Fiction,10,2+,"As the newborn caterpillar snacks through the pages (leaving behind a hole to stick a little finger through), he gets bigger, fatter, and turns into a lovely butterfly with wings the color of Swiss cheese, oranges, and cherry pie! Carle brings humor to the development of the caterpillar, one of the first science miracles a child learns.",Eric Carle,Eric Carle,https://d2e111jq13me73.cloudfront.net/sites/default/files/styles/product_image_aspect_switcher_170w/public/product-images/csm-book/the-very-hungry-caterpillar-product-image.jpg?itok=1m45MuLj,
Where the Wild Things Are,1969,Fiction,10,2+,"Wild child Max gets sent to bed without his supper after threatening to eat his mom. Well, he'll show her, right? In his room -- or, at least, in his mind -- a forest grows. Max boards a ship that takes him across oceans and days to the home of the wild things, which threaten him with snarls and claws and eye-rolling. Does this frighten our little wolf-boy? Of course not! Max hypnotizes the monsters, who declare him the most wild thing of all. Max joins in on the fun but quickly bores of the new adventure and sails back home -- to find supper in his room, still hot!",Maurice Sendak,Maurice Sendak,https://d2e111jq13me73.cloudfront.net/sites/default/files/styles/product_image_aspect_switcher_170w/public/product-images/csm-book/5108-orig.jpg?itok=qNW3w6nO,
Fry Bread,2019,Fiction,10,3+,"FRY BREAD: A NATIVE AMERICAN FAMILY STORY shows an elder preparing fry bread and a diverse group of kids gathered around her and other grown-ups helping prepare and then enjoying this cultural dish. Accompanying spare text highlights, in just three-to-five-line chunks, what fry bread means to members of that family: Fry bread is food, fry bread is sound (""The skillet clangs on the stove... the bubbles sizzle and pop""), fry bread is color, flavor, time (""Moments together/ With family and friends""), history, place, nation, and more. There's also the author's recipe for fry bread and added details and refelctions about the topics in the main body of the text in an Author's Note.",Kevin Noble Maillard,Juana Martinez-Neal,https://d2e111jq13me73.cloudfront.net/sites/default/files/styles/product_image_aspect_switcher_170w/public/product-images/csm-book/fry-bread-book-cover-image-resized.jpg?itok=1yZVKaf6,
Harold and the Purple Crayon,1955,Fiction,10,3+,"Harold is a little boy who always has his purple crayon with him. He decides to go for a walk in the moonlight, but there's no moon, so he draws a crescent one, and draws a straight path to walk on so he won't get lost. The moon goes with him as he walks. He draws an apple tree, and a dragon to guard it, and so on, creating settings, situations (a picnic full of pies), and transportation (a boat, a hot air balloon) as the need or whim arises. He draws windows, hoping to find his own window. Then he finally remembers his own window \""is always right around the moon.\"" So he draws a window around the moon above him, then draws his bed, hops in, draws up the covers, drops the crayon and drops off to sleep.",Crockett Johnson,Crocket Johnson,https://d2e111jq13me73.cloudfront.net/sites/default/files/styles/product_image_aspect_switcher_170w/public/product-images/csm-book/harold.jpg?itok=y0blfRqQ,
The Tale of Peter Rabbit,1902,Fiction,10,3+,"Despite his mother's warning, Peter Rabbit explores Mr. McGregor's garden. Sure enough, Mr. McGregor chases Peter with a rake. Peter loses his shoes among the potatoes and cabbage, and his jacket gets caught in a gooseberry net.",Beatrix Potter,Beatrix Potter,https://d2e111jq13me73.cloudfront.net/sites/default/files/styles/product_image_aspect_switcher_170w/public/product-images/csm-book/1426-orig.jpg?itok=WLIE1sLw,
The Cat in the Hat,1957,Fiction,10,4+,"Two children, Conrad and his sister Sally, are moping indoors on a rainy day when in strolls THE CAT IN THE HAT. Making one of the most unforgettable entrances in the history of children's literature, the lanky feline, stylishly dressed in a candy-striped stovepipe hat and oversized bow tie, creates a whirlwind of misbehavior that the kids are at first powerless to halt. He opens a box and releases Thing 1 and Thing 2, who cause even more trouble. But the goldfish is the voice of reason, and Conrad sends the Cat and his friends packing. The mess gets cleaned up before the kids' mom comes home.",Dr. Seuss,Dr. Seuss,https://d2e111jq13me73.cloudfront.net/sites/default/files/styles/product_image_aspect_switcher_170w/public/product-images/csm-book/1036-orig.jpg?itok=e_15qlVr,
Last Stop on Market Street,2015,Fiction,10,3+,"As CJ and his grandmother hop on the city bus and head across town, he begins to ask questions: Why don't we have a car? Why do we have to stand out here in the rain? Why can't that man see? Why is it dirtier on this side of town? Nana, in all her wisdom, gently answers his questions, helps awaken his imagination, and shows him that beauty is all around him, nestled in the routine things of city life. All he has to do is look, and listen. Their bus ""breathes fire,"" the driver does magic tricks, the man may be blind but he ""sees"" with his ears and nose, and so on. The characters on the bus are an assortment of ages, sexes, and ethnicities: one with whole-body tattoos, one holding a jar of butterflies, a guitarist, a dog, and others. Without being didactic, this story teaches the reader, along with the boy, the value of getting out into the world and connecting with it, appreciating rather than fearing diverse types of people, and trying to look at it all through eyes and ears that are opened wide. Also, perhaps, we learn that we do not need things to make us happy. ",Matt de la Peña,Christian Robinson,https://d2e111jq13me73.cloudfront.net/sites/default/files/styles/product_image_aspect_switcher_170w/public/product-images/csm-book/last-stop.jpeg?itok=nbNSUd45,
Madeline,1977,Fiction,10,4+,"Twelve boarding school girls live in an old house covered with vines, and they walk in two straight lines wherever they go with their teacher, Miss Clavel. Madeline, the smallest, is not afraid of lions or mice. Then their routine is interrupted by a late-night rush to the hospital -- Madeline has to have her appendix out! After the operation, Miss Clavel, brings the girls to visit. Madeline has many gifts and flowers - -but likes her scar best of all. The story ends with the other girls crying, \""Boohoo, we want to have our appendix out, too!\""",Ludwig Bemelmans,Ludwig Bemelmans,https://d2e111jq13me73.cloudfront.net/sites/default/files/styles/product_image_aspect_switcher_170w/public/product-images/csm-book/madeline.jpg?itok=QjjWvSl0,
The Complete Tales & Poems of Winnie-the-Pooh,1996,Fiction,10,5+,"The gentle, humorous stories from Winnie-the-Pooh and The House at Pooh Corner, and the poems from When We Were Very Young and Now We Are Six, are collected in one volume, unabridged and with the original illustrations of Ernest Shepard.",A. A. Milne,Ernest H. Shepard,https://d2e111jq13me73.cloudfront.net/sites/default/files/styles/product_image_aspect_switcher_170w/public/product-images/csm-book/7111-orig.jpg?itok=S_o80i8L,
"Mercy Watson to the Rescue: Mercy Watson, Book 1",2005,Fiction,8,5+,"Mercy Watson, a pig, is much beloved by Mr. and Mrs. Watson, who sing her to sleep every night. One night, Mercy gets scared of the dark after they tuck her in. When she crawls into bed with Mr. and Mrs. Watson, her fear disappears and she feels as cozy as can be. However, the added weight of Mercy in the bed turns out to be just a little more than the floorboards can bear. As the bed begins to fall through a hole in the floor, endangering Mr. and Mrs. Watson, oblivious Mercy jumps out of bed in search of her favorite treat: warm toast with a great deal of butter on it. While the Watsons cry for help, Mercy encounters a neighbor who's not particularly fond of pigs. Chaos ensues, and the fire department is called. Meanwhile, the Watsons are still falling, absolutely sure that their dear Mercy has run for help.",Kate DiCamillo,Chris Van Dusen,https://d2e111jq13me73.cloudfront.net/sites/default/files/styles/product_image_aspect_switcher_170w/public/product-images/csm-book/4193-orig.jpg?itok=1XOIUgfE,
"Sofia Valdez, Future Prez",2019,Fiction,10,5+,"In SOFIA VALDEZ, FUTURE PREZ, young Sofia is prompted to take action to clean up a local landfill when her loving abuelo is hurt while they’re out helping their neighbors. She decides to turn the dump into a park, but when she visits City Hall, everyone tells her she can’t get that done because she’s just a kid. Sofia refuses to take no for an answer and shows the world that second-graders should be taken seriously when they talk, especially when they say they want to make a difference in the world.",Andrea Beaty,David Roberts,https://d2e111jq13me73.cloudfront.net/sites/default/files/styles/product_image_aspect_switcher_170w/public/product-images/csm-book/sofiavaldezfutureprezquestioneers4-book-image.jpg?itok=unXCaCpG,
Charlie and the Chocolate Factory,1964,Fiction,10,6+,"In Roald Dahl's CHARLIE AND THE CHOCOLATE FACTORY, poor Charlie Bucket is practically starving. However, he is rich in love, living with his devoted parents and grandparents so old and sick they never get out of bed. Charlie is captivated by his Grandpa Joe's stories about Willy Wonka's mysterious chocolate factory and his efforts to keep his amazing recipes from leaking to other candy-makers. Charlie is excited when Wonka holds a contest, placing a golden ticket in five chocolate bars; each person who finds a ticket will get to bring a special guest along and visit the factory, and receive a lifetime supply of sweets! Charlie is too poor to buy more than one candy bar a year, so when he wins a ticket, his whole family celebrates. Charlie visits the chocolate factory along with four bratty children: greedy Augustus Gloop, chewing gum addict Violet Beauregarde, spoiled Veruca Salt, and television-obsessed Mike Teavee. What lies in store for the children depends on how they behave on their tour.",Roald Dahl,Joseph Schindelman,https://d2e111jq13me73.cloudfront.net/sites/default/files/styles/product_image_aspect_switcher_170w/public/product-images/csm-book/1085-orig.jpg?itok=NRDrTZar,
"Ivy + Bean, Book 1",2007,Fiction,10,6+,"Seven-year-old Bean gets caught playing a trick on her older sister and manages to escape thanks to the help of an unlikely ally: a ""quiet"" neighbor girl named Ivy. Then Ivy takes Bean to a secret hideout and reveals she's a witch-in-training. When Ivy offers to cast a ""dancing spell"" on Bean's older sister, Bean is thrilled. As the girls work together on their plan, a friendship is born.",Annie Barrows,Sophie Blackall,https://d2e111jq13me73.cloudfront.net/sites/default/files/styles/product_image_aspect_switcher_170w/public/product-images/csm-book/6589-orig.jpg?itok=XCbvdOwJ,
Stuart Little,1945,Fiction,8,6+,"A mouse goes cross-country to seek his fortune and find a lost friend, falling into adventure after adventure along the way. His cheerful ingenuity always saves him from danger. From outwitting a cat to surviving an afternoon of substitute teaching, Stuart always knows just what to do. One of White's three classic animal stories, Stuart has captivated generations of children.",E.B. White,Garth Williams,https://d2e111jq13me73.cloudfront.net/sites/default/files/styles/product_image_aspect_switcher_170w/public/product-images/csm-book/1048-orig.jpg?itok=fjaGEczz,
Where the Sidewalk Ends,2004,Fiction,10,6+,"Shel Silverstein opens WHERE THE SIDEWALK ENDS with an invitation to dreamers, wishers, liars, and more to gather round and spin ""flax-golden tales."" What follows is a charming collection of wittily subversive poems and line drawings: There's a fed-up boy trying to sell his sister, a child who hoards wishes, a boy who uses his magical eraser to handle a skeptic, a lazy girl who just waits for it to rain so she can have something to drink, a warning about the sharp-toothed snail that lies in wait for nose-pickers. The 30th anniversary edition published in 2004 includes an extra dozen poems.",Shel Silverstein,Shel Silverstein,https://d2e111jq13me73.cloudfront.net/sites/default/files/styles/product_image_aspect_switcher_170w/public/product-images/csm-book/where-the-sidewalk-ends-book.jpg?itok=fTcoVuX5,
Charlotte's Web,1952,Fiction,10,7+,"When Fern convinces her father not to kill the runt pig of the litter, she names him Wilbur and raises him with a bottle. Soon Wilbur goes to live in her Uncle Homer Zuckerman's barn down the road, where she visits him every day. But when she's not there, Wilbur is lonely -- the sheep, cows, geese, and even the rats don't want to play and be his friend. Then he meets Charlotte, a gray spider whose web is in a corner of the barn door, and they become good friends. But soon after, they learn that Wilbur is to be slaughtered next Christmas to make ham and bacon. So Charlotte hatches a plan to make the Zuckermans want to keep Wilbur around forever.",E.B. White,Garth Williams,https://d2e111jq13me73.cloudfront.net/sites/default/files/styles/product_image_aspect_switcher_170w/public/product-images/csm-book/5046-orig.jpg?itok=UumNeJz1,
Harry Potter and the Sorcerer's Stone,1998,Fiction,10,8+,"Harry's magical parents were killed by the evil wizard Voldemort when he was just a baby. Miraculously, he survived with only a lightning-bolt scar as a mysterious reminder. Harry is taken to live with his nasty relatives -- muggles, or non-wizards -- who hide the truth about his parents. Ten miserable years later, he gets a visit from a genial half-giant named Hagrid with an invitation to study at Hogwarts School of Witchcraft and Wizardry. At the school, Harry makes friends, fights trolls, learns how to play the fantastic aerial school sport, Quidditch, and uncovers a three-headed dog that guards a secret. Meanwhile, he must contend with Professor Snape, who hates him, and Draco Malfoy, a bratty student. When a mystery arises about the Sorcerer's Stone, which is supposed to possess the powers of immortality, Harry discovers that Voldemort is trying to steal it so he can regain his powers.",J. K. Rowling,Mary Grandpre,https://d2e111jq13me73.cloudfront.net/sites/default/files/styles/product_image_aspect_switcher_170w/public/product-images/csm-book/harry-potter-and-the-sorcerers-stone.jpg?itok=ifxZ_ZsB,
"The Lion, the Witch, and the Wardrobe: The Chronicles of Narnia, Book 1",1950,Fiction,8,8+,"In THE LION, THE WITCH, AND THE WARDROBE, the four Pevensie siblings -- Peter, Susan, Edmund, and Lucy -- discover that a wardrobe in an old country house is a portal to the magical land of Narnia. There, Edmund meets the evil White Witch and is lured into betraying his siblings, but the plot fails. Meanwhile, the lion Aslan, lord of Narnia, returns to the land, heralding the end of the Witch's long, joyless winter; the children, who continue to elude the Witch's grasp, meet with him. Before their adventure is done, they'll face fierce battle, devastating loss, and glorious triumph, all while learning lessons about faith, forgiveness, and more.",C.S. Lewis,Pauline Baynes,https://d2e111jq13me73.cloudfront.net/sites/default/files/styles/product_image_aspect_switcher_170w/public/product-images/csm-book/892-orig.jpg?itok=CRvtVFDd,
New Kid,2019,Fiction,10,8+,"At the start of NEW KID, Jordan Banks reluctantly transfers to a nearly all-white private school. He misses his friends from the neighborhood and doesn't understand his new classmates. Interested in cartooning, he isn't ready for soccer in the freezing cold, and his parents can't afford a vacation to warmer climes. Gradually, he makes new friends, comes to understand his classmates' quirks, and develops his own passions.",Jerry Craft,Jerry Craft,https://d2e111jq13me73.cloudfront.net/sites/default/files/styles/product_image_aspect_switcher_170w/public/product-images/csm-book/newkid-book-productimage_0.jpg?itok=qJh-JBak,
"The Tale of Despereaux: Being the Story of a Mouse, a Princess, Some Soup, and a Spool of Thread",2004,Fiction,10,8+,"Listen, dear reader, to Kate DiCamillo, and you will hear of Despereaux Tilling, a half-sized mouse with giant ears who is ""such the disappointment"" to his mama because he won't act like other mice. He is sickly, faints at loud noises, loves music, bright light, and reading books. Worst of all, because he has fallen in love with a human princess named Pea, he talks to humans. For this transgression he is condemned by the other mice, including his own father, to be sent to the dungeon to be eaten by the rats. You will also, dear reader, hear of Roscuro the rat, who also loves light, but has a grudge against the princess. And of Miggery Sow, an abused, dimwitted, partially deaf serving girl who wishes to be a princess. And you will hear how the strange stories of these three outsiders intersect in a most unusual way. Reader, do you believe in happily ever after?",Kate DiCamillo,Timothy Basil Ering,https://d2e111jq13me73.cloudfront.net/sites/default/files/styles/product_image_aspect_switcher_170w/public/product-images/csm-book/1943-orig.jpg?itok=FC6vY1i5,
Alice's Adventures in Wonderland,1865,Fiction,8,9+,"What strange and marvelous creatures will Alice find down the rabbit hole, and what amazing thing will happen next? The inventive language and charming fantasy make this a classic that both adults and kids love. Older ones will appreciate the satire, but some younger children will be confused or bored. Updated illustrations are appealing to children.",Lewis Carroll,Helen Oxenbury,https://d2e111jq13me73.cloudfront.net/sites/default/files/styles/product_image_aspect_switcher_170w/public/product-images/csm-book/995-orig.jpg?itok=d_g2QZAX,
Anne of Green Gables,1908,Fiction,10,9+,"When aging siblings Marilla and Mathew Cuthbert of Avonlea, a small town in Canada's maritime province of Prince Edward Island, decide to adopt an orphan boy to help with their farm, they never expect to get talkative 11-year-old redhead Anne Shirley instead. Anne's arrival at Green Gables immediately stirs up the Cuthberts' predictable, even-keeled lives -- and before long, they're so attached to her that they can't bring themselves to send her back to the orphan asylum after all. With her vivid imagination, mile-a-minute chatter, and impulsive, love-starved heart, Anne has an impact on everyone she meets in Avonlea, from busybody Rachel Lynde to \""bosom friend\"" Diana Barry to handsome Gilbert Blythe, the boy who dares to call Anne \""Carrots.\""",L.M. Montgomery,Coming of Age,https://d2e111jq13me73.cloudfront.net/sites/default/files/styles/product_image_aspect_switcher_170w/public/product-images/csm-book/aogg-paperback-cover.jpg?itok=fN7UucmV,
"The Bad Beginning: A Series of Unfortunate Events, Book 1",1999,Fiction,10,9+,"A cliff-hanging adventure wrapped in black -- very black -- humor marks ""The Bad Beginning,"" by Lemony Snicket (the pen name of author Daniel Handler) and his equally fiendish illustrator, Brett Helquist. The story follows the grim-fated progress of the recently orphaned Baudelaire children, and their mistreatment at the hands of their abominable distant cousin, Count Olaf, right to the bittersweet, to-be-continued ending.",Lemony Snicket,Brett Helquist,https://d2e111jq13me73.cloudfront.net/sites/default/files/styles/product_image_aspect_switcher_170w/public/product-images/csm-book/bad-beg.jpg?itok=8-xfH3-C,
Bridge to Terabithia,1977,Fiction,10,9+,"In BRIDGE TO TERABITHIA, two tween outsiders -- quiet, artistic Jesse and free-spirited Leslie -- become friends and escape from overbearing parents and bullies at school in their own private kingdom of Terabithia. Their idyllic world is shattered by a tragic accident.",Katherine Paterson,Donna Diamond,https://d2e111jq13me73.cloudfront.net/sites/default/files/styles/product_image_aspect_switcher_170w/public/product-images/csm-book/1016-orig.jpg?itok=3-LkJAIZ,
"Bud, Not Buddy",1999,Fiction,8,9+,"Bud has run away from his abusive foster family. He's sleeping outside and can't find enough to eat. There's nothing left to do but go find Herman E. Calloway, the man whose picture used to make Momma upset. That man has got to be Bud's father! Orphaned Bud, not Buddy, Caldwell carries a ratty suitcase full of all his possessions wherever he goes. There's the picture of his Momma as a little girl. There's Momma's old pouch, full of smooth rocks with strange coded messages written on them. But the most important thing is a flyer advertising ""Herman E. Calloway and the Dusky Devastators of the Depression.""",Christopher Paul Curtis,Family Life,https://d2e111jq13me73.cloudfront.net/sites/default/files/styles/product_image_aspect_switcher_170w/public/product-images/csm-book/1017-orig.jpg?itok=my2SSMUj,
The Crossover,2014,Fiction,10,9+,"Josh and his twin brother, JB, are inseparable, on and off the court. With the support of their father, a famous basketball player, they're poised to have a great season, maybe even win the championship for their junior high. Then things start to change. JB starts to spend more time with girls than with Josh, their dad is hiding a health issue that could change all of their lives, and Josh begins to lose his way. One big mistake, and he's suspended from the team, estranged from his brother, and wondering how much time he has left with the brightest star in his world: his father.",Kwame Alexander,Coming of Age,https://d2e111jq13me73.cloudfront.net/sites/default/files/styles/product_image_aspect_switcher_170w/public/product-images/csm-book/screenshot-2014-03-26-114355.png?itok=KL-TBzKR,
Diary of a Wimpy Kid,2007,Fiction,8,9+,"In DIARY OF A WIMPY KID, Greg Heffley gets a journal from his mom (""a JOURNAL, not a diary"") and records a middle school year's worth of crazy kid schemes, brushes with bullies, bad units in gym class, bids for student government, school play humiliation, and more.",Jeff Kinney,School,https://d2e111jq13me73.cloudfront.net/sites/default/files/styles/product_image_aspect_switcher_170w/public/product-images/csm-book/7184-orig.jpg?itok=SnpQI1tZ,
The Hobbit,1937,Fiction,10,9+,"Bilbo Baggins, a simple Hobbit, never asked for adventure. It literally came knocking on his door -- 13 dwarves (Tolkien's spelling with the \""v\"") and Gandalf the wizard show up to tea to hire Bilbo as a thief in their quest to reclaim a hoard of treasure. It's stashed far away and guarded by a fierce dragon, Smaug. Bilbo will have to cross the Misty Mountains -- troll and goblin country -- and the untamed wilds of Mirkwood, where straying from the path can be deadly. In exchange, he gets an even share of the treasure and quite a story to tell. But is one little hobbit really up for such a big adventure?",J.R.R. Tolkien,Fantasy,https://d2e111jq13me73.cloudfront.net/sites/default/files/styles/product_image_aspect_switcher_170w/public/product-images/csm-book/the-hobbit-anniv-edition-cover.jpg?itok=Q_d9Qdv1,
"The Lightning Thief: Percy Jackson and the Olympians, Book 1",2005,Fiction,8,9+,"In THE LIGHTNING THIEF, Percy Jackson, dyslexic and hotheaded, has been kicked out of yet another school. But stranger things are happening around him, and soon he finds himself at Camp Half-Blood, a refuge and training ground for children of the Greek gods, who are still around and causing trouble for humans. He discovers that his dyslexia is caused by his brain being hardwired for Greek, and his hotheadedness is because, well, he's a hero. All too soon Percy discovers which god is his father, and that he's a pawn in a titanic battle between the gods that may ignite World War III. Accompanied by a daughter of Athena and a young satyr, Percy is sent to retrieve Zeus' lightning bolt from Hades, who supposedly stole it. But things are even more complicated than he and the gods imagined, and there are dangerous plots afoot.",Rick Riordan,Fantasy,https://d2e111jq13me73.cloudfront.net/sites/default/files/styles/product_image_aspect_switcher_170w/public/product-images/csm-book/lightning-thief-book.jpg?itok=sWuHvq05,
Tales of a Fourth Grade Nothing,1972,Fiction,8,9+,"The first book in Judy Blume's ""Fudge"" series, TALES OF A FOURTH GRADE NOTHING, takes place over several months in the lives of the Hatcher family: Mr. and Mrs. Hatcher and their sons Peter (age 10) and Farley Drexel (age 3), whose nickname is Fudge. Told from Peter's point of view, the book is a series of anecdotes involving Fudge's always funny, sometimes enfuriating 3-year-old antics. Fudge throws tantrums, refuses to eat, defies his parents, messes up his brother's stuff, and generally causes a lot of mischief for such a small person. Peter, meanwhile, is often placed in embarrassing situations because his parents need his help to wrangle their adorable, impossible 3-year-old.",Judy Blume,Family Life,https://d2e111jq13me73.cloudfront.net/sites/default/files/styles/product_image_aspect_switcher_170w/public/product-images/csm-book/fourthgradenothing.jpg?itok=b-390UHK,
When the Sea Turned to Silver,2016,Fiction,10,8+,"WHEN THE SEA TURNED TO SILVER tells the story of how Pinmei and her friend Yishan go on a journey to find and rescue Pinmei's grandmother. The emperor's soldiers come to Pinmei and Amah's remote mountain hut, take Amah away, and burn the hut to the ground. Pinmei and Yishan, her friend from higher up on the mountain, set out to find and rescue Amah from the emperor's clutches. Along the way they encounter the beautiful Lady Meng, the Sea King, a pair of greedy monkeys, and many others; and Pinmei learns not only that she's inherited her grandmother's gift for storytelling and why storytelling is so important, but she also learns she's capable of much more than she thought.",Grace Lin,Grace Lin,https://d2e111jq13me73.cloudfront.net/sites/default/files/styles/product_image_aspect_switcher_170w/public/product-images/csm-book/seasilver.jpg?itok=hXpaKiw2,
A Wrinkle in Time,1962,Fiction,10,9+,"In A WRINKLE IN TIME, Meg's father, an eminent physicist, has been missing for two years. One night a strange old woman, Mrs. Whatsit, appears, ""blown off course"" while she, along with Mrs. Who and Mrs. Which, was tessering, or taking a shortcut through time and space. They take Meg, her little brother Charles Wallace, and their new friend Calvin, to rescue Dr. Murry, who is a prisoner on a planet ruled by IT, a giant pulsating brain that controls the minds of everyone on the planet. Charles Wallace also falls under IT's control, and when Meg finds her father, she discovers that he is not the invincible protector she thought he was. She must not only come to terms with this realization, but find a way to rescue them both.",Madeleine L'Engle,Science Fiction,https://d2e111jq13me73.cloudfront.net/sites/default/files/styles/product_image_aspect_switcher_170w/public/product-images/csm-book/893-orig.jpg?itok=yMlOyCme,
Brown Girl Dreaming,2014,Non-Fiction,10,10+,"BROWN GIRL DREAMING is a memoir in verse that depicts Jacqueline Woodson growing up in different places during a unique time in American history. She's born in Ohio, to which her father's family traces a proud lineage, but raised in the South, where she encounters the sweetness of life with grandparents as well as the sting of Jim Crow. She moves back to the North and navigates a noisier place with hard edges and warm friends. How can she reconcile her different worlds? Will she be able to find her voice, not only so she can stand out but so she can make sense of the topsy-turvy world around her?",Jacqueline Woodson,Poetry,https://d2e111jq13me73.cloudfront.net/sites/default/files/styles/product_image_aspect_switcher_170w/public/product-images/csm-book/brown-girl-dreaming.jpg?itok=iwwHBbJT,
Esperanza Rising,2000,Fiction,10,10+,"Esperanza, the daughter of a wealthy grape grower in Mexico, leads a charmed life -- until bandits kill her father. One of his brothers pressures her mother to marry him, but after he burns down the ranch, Esperanza, her mother, and a family of former servants escape to California to become farmworkers. There, Esperanza must learn to work hard, which proves difficult for a girl who doesn't even know how to use a broom. After her mother is hospitalized with Valley Fever, she joins the field workers through the various crop seasons. But there is more trouble: Some Mexican farmworkers are striking, and other migrants are arriving from other areas, threatening to drive down wages. Esperanza struggles to keep her family together -- and her hope alive.",Pam Munoz Ryan,Historical Fiction,https://d2e111jq13me73.cloudfront.net/sites/default/files/styles/product_image_aspect_switcher_170w/public/product-images/csm-book/esperanza-rising.jpg?itok=7WPBVqvP,
I Am Malala: How One Girl Stood Up for Education and Changed the World,2014,Non-Fiction,10,10+,"Nobel laureate Malala Yousafzai has garnered world renown for her courageous advocacy of girls' education and her strong recovery from being nearly killed in an assassination attempt. Here, she tells her own story, of her parents' love, inspiration, and encouragement and how they led her to confront Islamic fundamentalists who were trying to keep girls from going to school in her native Pakistan. Her strong Muslim faith and personal determination gain her worldwide prominence -- and make her a target. Malala tells of her idyllic life pre-Taliban, how things changed, and how events unfolded until she was shot in the face on the way home from school. Now living in England with her family, she also tells about her more recent life and work.",Malala Yousafzai,Autobiography,https://d2e111jq13me73.cloudfront.net/sites/default/files/styles/product_image_aspect_switcher_170w/public/product-images/csm-book/malala.jpg?itok=cPbJ4PPD,
Inside Out and Back Again,2011,Fiction,10,10+,"The story is told through short free-verse poems, and takes place over the course of one year: In 1975, 10-year-old Ha and her family must leave Vietnam as the Communists take over her home city of Saigon. After secretly departing by ship and staying in two temporary refugee camps, Ha's family finally lands in Alabama with a sponsor family. There, they must learn a new language, go to school, find work, make friends, deal with bullies and suspicion -- and figure out how to become Americans. They must also say a symbolic and definitive goodbye to Ha's father, who was missing in action for 10 years. Readers follow Ha's feisty and honest journey as she navigates her family's emigration from Vietnam, heeds her mother's kind wisdom, deals with her older brothers (and benefits by their protection), meets bullies and kind strangers, and begins to believe in herself again.",Thanhha Lai,Historical Fiction,https://d2e111jq13me73.cloudfront.net/sites/default/files/styles/product_image_aspect_switcher_170w/public/product-images/csm-book/insideoutandbackagain.jpg?itok=kFXCSL8X,
Revolution Is Not a Dinner Party,2007,Fiction,10,10+,"Ling is a child in China during the waning years of Mao's Cultural Revolution. She and her mother struggle to survive as food grows scarce and is rationed, electricity is interrupted, her doctor parents lose their jobs, and a political officer moves into their apartment, with the family getting no say in the matter. Ling's father is taken away to jail, she is targeted by bullies at school, and the family is persecuted by the Red Guards.",Ying Chang Compestine,Historical Fiction,https://d2e111jq13me73.cloudfront.net/sites/default/files/styles/product_image_aspect_switcher_170w/public/product-images/csm-book/revolution-is-not.jpg?itok=Ff6oMVng,
Wonder,2012,Fiction,8,10+,"August Pullman is a fifth-grade boy with a severe facial difference. His loving parents and sister have shielded him from many outside influences before WONDER begins; he's been homeschooled up until that point, for example. But at the start of the book, his mother has decided that it's time for Auggie to brave a real school experience. Auggie is upset and afraid to face the kids' reactions to his appearance, but there's also part of him that wants to do ""normal"" things. The director of his new school, Mr. Tushman, introduces Auggie to a small group of students before school starts, thinking this will help ease the transition. Whereas some of the students Auggie meets are accepting and kind, others are a bit put off by him, and still others are downright cruel. The novel follows Auggie's first year of middle school from beginning to end. It's a year in which Auggie experiences the best and the worst of human nature and a year of tremendous emotional growth for him.",R.J. Palacio,Coming of Age,https://d2e111jq13me73.cloudfront.net/sites/default/files/styles/product_image_aspect_switcher_170w/public/product-images/csm-book/wonder.jpg?itok=zNJxwEiQ,
Anne Frank: The Diary of a Young Girl,1947,Non-Fiction,10,11+,"In 1942, during the Nazi occupation of Holland, a Jewish girl named Anne Frank receives a blank diary for her 13th birthday. Treating the empty book like an imaginary friend named ""Kitty,"" Anne writes faithfully, describing her fondest wishes and feelings. When her family is forced into hiding to avoid capture by the German police, the book becomes like a lifeline for Anne, who describes the fear, hunger, longing, and boredom she experiences during two years living in the place she calls the ""secret annex."" Trapped in cramped quarters with her parents and sister, three members of the Van Daan family, and an elderly neighbor, Mr. Dussel, Anne begins to mature, even experiencing her first love in the annex, and finds her greatest solace in the written word.",Anne Frank,Autobiography,https://d2e111jq13me73.cloudfront.net/sites/default/files/styles/product_image_aspect_switcher_170w/public/product-images/csm-book/annefrank.jpg?itok=jT9UPs9k,
Ender's Game,2005,Fiction,10,12+,"In ENDER’S GAME, the Earth has been attacked twice by aliens called Formics, or more popularly, Buggers, and everyone is sure a third invasion is coming. So the military embarks on a crash program to breed the ultimate military genius to lead the fleet in a pre-emptive attack against the Formic homeworld. These kids are trained from age 6 in an off-world facility called Battle School, and their training consists mostly of games. Ender Wiggins may be the child they are looking for. Brilliant, compassionate, and tormented, he's better at the games than anyone has ever been. But how can they manipulate a compassionate child into wiping out an entire species, and at the same time give him the skills to do it effectively? The adults who run the school are literally out to save the world: They will stop at nothing to achieve their ends, and one small boy, or even a school full of kids, is nothing but a means to that end.",Orson Scott Card,Science Fiction,https://d2e111jq13me73.cloudfront.net/sites/default/files/styles/product_image_aspect_switcher_170w/public/product-images/csm-book/4120-orig.jpg?itok=b7aJUQNB,
The Fellowship of the Ring,1954,Fiction,10,12+,"When Bilbo Baggins (adventurer from The Hobbit) decides to retire away from the Shire, he leaves everything to his nephew Frodo, from his lovely hobbit-hole down to the magical ring he found on his travels. The ring that is now Frodo's treasure turns into a horrible burden when the wizard Gandalf discovers its origins: forged by the dark lord Saruman and possessing some of his evil power. The dark lord is rising once again and sends out nine cursed ""black riders"" on horseback to find it with the words ""Baggins"" and ""Shire"" on their lips. Frodo must leave the Shire and everything he knows behind, save three hobbit companions, to find out how to get rid of his ring of power. And after Gandalf goes missing they must set out alone, facing the world of mortals and elves for the first time in search of those that might help them and all of Middle Earth.",J.R.R. Tolkien,Fantasy,https://d2e111jq13me73.cloudfront.net/sites/default/files/styles/product_image_aspect_switcher_170w/public/product-images/csm-book/1712-orig.jpg?itok=OHG5H9EA,
"The Hunger Games, Book 1",2008,Fiction,10,12+,"THE HUNGER GAMES is set In the future, after the United States is gone. In its place is Panem, in which the city of Capitol, somewhere in the Rockies, rules over 12 rebellious districts. To maintain an iron grip, the Capitol holds an annual televised reality show, a lethal form of Survivor to which each district must send one boy and one girl. Out of these 24 teens, only one will survive. Katniss, who volunteers to take her sister's place, and Peeta are District 12's competitors, but their competition is complicated by Peeta's announcement that he is in love with Katniss.",Suzanne Collins,Science Fiction,https://d2e111jq13me73.cloudfront.net/sites/default/files/styles/product_image_aspect_switcher_170w/public/product-images/csm-book/9450-orig.jpg?itok=8ddb4Vjf,
"Legend, Book 1",2011,Fiction,8,12+,"Day and June are teenagers on opposite sides of a dystopian regime in what was once Los Angeles. Day is the ultimate outlaw, stealing money and medical supplies for his family and others. June is being groomed for leadership within the ruling party. After June's beloved older brother is killed, all clues point toward Day, and she vows revenge at any cost. Neither Day nor Joy is prepared for what will happen when their paths eventually cross.",Marie Lu,Science Fiction,https://d2e111jq13me73.cloudfront.net/sites/default/files/styles/product_image_aspect_switcher_170w/public/product-images/csm-book/legend.jpg?itok=xaAEfL28,
March: Book One,2013,Non-Fiction,10,12+,"MARCH follows real-life U.S. Representative John Lewis (D-Ga.) from his early days on his family's Alabama chicken farm, where he objected to the way his beloved birds were killed, through his education about the birth of the civil rights movement, up to his experiences as a nonviolent student protester. Much of this graphic novel focuses on the sit-ins at Nashville department-store lunch counters in 1960 and how they led to a confrontation on the steps of the town's city hall.",John Lewis,Nate Powell,https://d2e111jq13me73.cloudfront.net/sites/default/files/styles/product_image_aspect_switcher_170w/public/product-images/csm-book/march-book1.jpg?itok=EX9vMYNi,
The Outsiders,1967,Fiction,8,12+,"THE OUTSIDERS has been one of the most popular book among teens and preteens since it came out in 1967. Ponyboy and his Greaser gang fight rival gang the Socs (short for ""Socials,"" the wealthier, more preppie kids) and try to make a place for themselves in the world. The juvenile delinquent characters are fully and humanely developed in this realistic look at life, death, and growing up, told from a teen's point of view. The book was based on the author's high school experience in Tulsa, OK, in 1965, but the time and setting are not specified in the text.",S. E. Hinton,Coming of Age,https://d2e111jq13me73.cloudfront.net/sites/default/files/styles/product_image_aspect_switcher_170w/public/product-images/csm-book/1555-orig.jpg?itok=bsamlBVo,
To Kill a Mockingbird,1960,Fiction,10,12+,"Growing up in a small Southern town, Jem and Scout Finch think they know their family and neighbors: There's Boo Radley, the neighborhood recluse, whom the children attempt to lure out of hiding; cranky old Mrs. Dubose is secretly addicted to morphine; their odd playmate, Dill Harris, comes to stay with his aunt next door each summer; and then there's Atticus, their father, and their hero. At first barely penetrating their world of treehouses and elaborate reenactments of pulp novels are rumors of a black man accused of raping a white woman. In 1930s Alabama, her accusation all but proves his guilt. Yet lawyer Atticus questions the charge and defends the accused man in a town steeped in prejudice. Through the eyes of the children, as they try to understand the reactions of the townspeople and make sense of the crumbling world around them, the irrationality of racism is laid bare.",Harper Lee,Literary Fiction,https://d2e111jq13me73.cloudfront.net/sites/default/files/styles/product_image_aspect_switcher_170w/public/product-images/csm-book/1678-orig.jpg?itok=abbWXHEt,
